DG,QBDRAP
NaN,-0.7418912622741979
-2.18597872339878,-0.8072136160051828
-3.1034956758809065,-1.0491368701851391
-3.1034960241309695,-1.2675145115219075
-3.10349630506598,-1.4456364815521725
-3.1034966533484187,-1.5949958199049135
-3.103497067806339,-1.7234002665506942
-3.1034975445233113,-1.83588441980865
-3.1034980789843214,-1.9358768514176532
-3.103498666169148,-2.025815748279796
-3.103499300595445,-2.1074973687815954
