DG,QBDRAP
NaN,-0.5561673292228567
-1.9127510375006849,-0.6089400233426234
-2.9162436357100097,-0.7827832602496437
-2.960193313553524,-0.9312895119333826
-2.9614048561562925,-1.0534069630502232
-2.96313410184848,-1.1565643489654165
-2.96539468457339,-1.2453034352358454
-2.9681417166773967,-1.3226627015064105
-2.971252048968138,-1.3909140102519344
-2.9747676269206447,-1.4517700475928377
-2.9787779320671364,-1.5065273128616472
