DG,QBDRAP
Inf,-0.34082145807581343
-2.322236782981361,-0.4192274622712465
-4.72983342118332,-0.6821453745440358
-4.530143450676393,-0.8803399655753771
-4.316183441527446,-1.0367350204362134
-4.1480974273170474,-1.166394942009299
-4.010841044542132,-1.2761073842729647
-3.8958771821034013,-1.3701944766292224
-3.7978829026289627,-1.4519617434234036
-3.7133042633730295,-1.5238802782450145
-3.6396407621956692,-1.5878053318321068
