DG,QBDRAP
Inf,-0.255137080237585
-1.2292894939554284,-0.3079096566111005
-2.464749624249416,-0.48175257578374425
-2.551468575003366,-0.6302585034024605
-2.494314471970434,-0.7523752970496745
-2.450143074168549,-0.8555320491104293
-2.416168851720799,-0.9442707841597386
-2.389733437828603,-1.021628440176325
-2.3692261281055362,-1.0898799061425741
-2.3536071081298924,-1.1507324180579601
-2.342298856599293,-1.205490579400956
