dg,dg_limiter,order1,qbdrap
-0.6423929774029327,-0.6423929774029327,-0.6423929774029327,-0.6358571793514171
-1.7211545236870471,-1.02679110044949,-0.9000722095844444,-0.9486950664314034
-2.3190600739384877,-0.9971621516531033,-1.0300177067896992,-1.1654192844532754
-1.7845970142122567,-0.9831231796900372,-1.1139516344765406,-1.3430099077872701
