dg,dg_limiter,order1,qbdrap
0.11009415344060292,0.11009415344060292,0.11009415344060292,0.11244728568296275
-0.9927460080852136,-0.6653014069740703,-0.2702575211427136,-0.36281166785719937
-1.1212401560871637,-0.6057251597089978,-0.4778575582131062,-0.7115974272622906
-1.0343422860124336,-0.5634722356604998,-0.6242158031691382,-1.0158036420223124
