dg,dg_limiter,order1,qbdrap
-0.4068558629790844,-0.4068558629790844,-0.4068558629790844,-0.40685586297908427
-1.0063669997936147,-0.8737043763179673,-0.77750171003112,-0.8920838103192014
-0.9480295714118929,-0.8220011476722339,-0.8914677994169456,-0.9869705977916824
-0.9100282623912497,-0.7787668891485838,-0.9407229226703515,-0.9839400491312068
