DG,QBDRAP
NaN,-0.430373058868283
-1.9718876665852698,-0.678392723649041
-2.46545623119231,-0.9748854607356697
-2.773020924071249,-1.2090419342661258
-3.0632170398585963,-1.398431159799572
-3.221729149934426,-1.5566407726601952
-3.443190843352409,-1.69173713386994
-3.5236833024531546,-1.8094290387013203
-3.7019080237662534,-1.9135398815299618
-3.738315568081039,-2.0067955177047807
-3.8794898699628746,-2.0912087772610435
