DG,QBDRAP
Inf,0.08731639141060388
-0.9111697503618896,-0.09032987910731845
-1.225664882213979,-0.3256963134225778
-1.4415284104213317,-0.5436241462780872
-1.601501812447661,-0.7380163059513885
-1.711839150455469,-0.9072877034299018
-1.8175453659242777,-1.0497742436841027
-1.8762729049955527,-1.1612502347848355
-1.9407810947162678,-1.2594863509435823
-1.9752486501721689,-1.3466655976640949
-2.006057537932019,-1.4245541318310504
