DG,QBDRAP
Inf,0.28950616118863826
-1.681049777120738,-0.009442043694119839
-2.281215865223657,-0.39176175500928395
-2.681234308660716,-0.7645461466262493
-2.967603375398456,-1.0820432952949404
-3.1671320527378026,-1.3375211596659742
-3.2898938538724503,-1.5481376210355784
-3.347300564776448,-1.726431206858962
-3.3551835315273872,-1.8808426588726412
-3.3319474436051184,-2.0166395264701333
-3.290421197069171,-2.137173579175175
