DG,QBDRAP
NaN,-0.21371370749151308
-1.6800281197342577,-0.3913601372760357
-2.0868321446046667,-0.6267262718186265
-2.337482409261044,-0.8446541428353003
-2.5655159823787725,-1.0390467320399543
-2.6930388224740804,-1.2083178514697304
-2.872131127092091,-1.352439288346067
-2.93355402036198,-1.4754195403101624
-2.999987070151711,-1.581987746470263
-2.9999870701506985,-1.675669385294384
-2.9999870701481433,-1.7590009698451285
