DG,QBDRAP
-0.6020599913279624,-0.5932731509170228
-0.8388946100344183,-0.6227408775864521
-0.9700492094282845,-0.7014121861526511
-1.0633026830129029,-0.8179770791225288
-1.1362270536569044,-0.9211783329107469
-1.196309587711565,-1.0044965663053733
-1.2474914938094426,-1.0772890481707775
-1.2921270099885915,-1.1391545227780027
-1.3317247506242342,-1.193831099467654
-1.3673218684538213,-1.2427617115755316
-1.3996786925540414,-1.286513550009731
