DG,QBDRAP
-0.3010299956639812,-0.2544641652976654
-0.3010299956639809,-0.29376832439423367
-0.3010299956639816,-0.29018028150117825
-0.30102999566398125,-0.291439368965811
-0.3010299956639811,-0.29285864742254886
-0.301029995663981,-0.2928870766031088
-0.30102999566398064,-0.29329956648232397
-0.3010299956639819,-0.2933275305163216
-0.30102999566398203,-0.2933252622911272
-0.3010299956639809,-0.2933074567655816
-0.301029995663981,-0.2932173918826576
