dg,dg_limiter,order1,qbdrap
-0.06752332288604763,-0.06752332288604763,-0.06752332288604763,-0.07996915387668008
-0.2504521131624206,-0.23580989856605877,-0.19797970953667185,-0.17626061743958849
-0.25194097400403254,-0.24045157875208384,-0.22397657579588434,-0.2322765985045568
-0.2503895414023482,-0.23470539991529188,-0.23337230092410596,-0.252793857984152
