dg1,dg2,order13,qbdrap4
-0.6726344846648177,-0.6726344846648177,-0.6726344846648177,-0.5192930344849371
-1.2772303830292844,-1.0382657266812665,-1.0186139146772055,-0.9437090564157591
-1.284799655411472,-1.0152373569319904,-1.1366528115382455,-1.1690369188418803
-1.28400463222498,-0.9963682040743658,-1.1925643017612342,-1.2713134890459687
