dg,dg_limiter,order1,qbdrap
"[0.9322348125364961, 0.9460327322282075]","[0.9322348125364961, 0.9460327322282075]","[0.9322348125364961, 0.9460327322282075]","[0.9324924293700766, 0.9462360078010105]"
"[0.9360131980398608, 0.9496958537606034]","[0.935951909505075, 0.9496391296397795]","[0.9302914820826067, 0.9485379503854737]","[0.9335970500444519, 0.9473410256346813]"
"[0.9367954985877397, 0.9504559351088334]","[0.9366800164003531, 0.9503492470115087]","[0.9315600408997111, 0.9501938232790411]","[0.9348235042718128, 0.9485476425719978]"
"[0.9363230006531206, 0.9499971387862179]","[0.9361331472038147, 0.9498218397292801]","[0.9317394948880944, 0.9503657423826967]","[0.9354649093908223, 0.9491757054169273]"
