dg,dg_limiter,order1,qbdrap
0.937533913219285,0.937533913219285,0.937533913219285,0.9377884058851778
0.9412666606122381,0.941206109238131,0.939922282984178,0.9388796513640023
0.9420395609044876,0.9419254653177299,0.9416112651227169,0.9400912945268596
0.9415727385829997,0.9413851673600586,0.9417866143850835,0.9407249702760889
