dg,dg_limiter,order1,qbdrap
-1.3682770663299446,-1.3682770663299446,-1.3682770663299446,-1.3467802387041465
-1.7144858102619376,-1.665506335570079,-1.6132955425396092,-1.5585376677721126
-1.7154615159241615,-1.6822960059657153,-1.6605183182539378,-1.675013490715722
-1.7135986164500234,-1.6669685996267103,-1.678398215524726,-1.7121914437634704
