dg,dg_limiter,order1,qbdrap
"[-1.8233317806603684, -0.779535210999392]","[-1.8233317806603684, -0.779535210999392]","[-1.8233317806603684, -0.779535210999392]","[-1.542226768938934, -0.777931228381665]"
"[-1.9310051091109333, -0.9327839884913562]","[-1.8944830962624053, -0.9172877361353815]","[-1.9492837625910815, -0.8934306362299186]","[-1.7969500594125847, -0.8727380963087777]"
"[-1.9254788577586344, -0.9339738886431307]","[-1.9069129564549236, -0.9227884142321343]","[-1.9726818204021899, -0.9128118967566594]","[-1.9770481591306441, -0.9194335668270076]"
"[-1.92925040505317, -0.9328338380689545]","[-1.8987955917441506, -0.9175401941929779]","[-1.9601970297185456, -0.9198177407698656]","[-1.9529210468655487, -0.9351129427275073]"
