DG,QBDRAP
NaN,-1.2341002567191426
-3.4261856444701673,-1.6685900094207373
-3.447524392405012,-1.5825659368809164
-3.451977892189735,-1.699136252219558
-3.453843876186735,-1.7964929177495943
-3.4549838216752855,-1.878684276336851
-3.455889350364937,-1.9495577534588873
-3.4567046978676697,-2.0115268749649307
-3.457509546879312,-2.0664088887765764
-3.458440367368518,-2.1155686165793948
-3.459421842967934,-2.1600299852662723
