DG,QBDRAP
Inf,-0.9330701384716945
-3.125155563389417,-1.3330470501221496
-2.9535028117116084,-1.226527832418614
-2.855829081208891,-1.3400694937871913
-2.7885361458617073,-1.447155836737426
-2.738096712017284,-1.5285022579085246
-2.6985097464155796,-1.5969935574668377
-2.6666158833770375,-1.6570132777321156
-2.6405276215244298,-1.7109118967745398
-2.6189691709171163,-1.75926110647256
-2.601171297950749,-1.803062997520059
