DG,QBDRAP
NaN,-1.4215575492269812
-3.6022773014474243,-2.0403011684006103
-3.6022775541551746,-1.9311023820417743
-3.6022779494768726,-2.1147670218541705
-3.60227848506507,-2.3098502403087386
-3.6022791577202167,-2.4768352705416374
-3.6022799634692255,-2.6188509517038248
-3.6022808975758096,-2.7418314390455567
-3.602281954574377,-2.8501099538050454
-3.6022831283628713,-2.946742859888981
-3.602284412219964,-3.033935279146049
