DG,QBDRAP
Inf,-1.7316915269558568
-6.1253721732031385,-2.4268587609150623
-5.6040057404464445,-2.208852418379551
-5.284147473065872,-2.350635715726346
-5.053254381881565,-2.4442633375327363
-4.873187145630818,-2.5211116058741396
-4.726218242029389,-2.589785464367092
-4.602617432052849,-2.650823848251087
-4.496447187050816,-2.7053444446104744
-4.403803454083395,-2.7544228041435184
-4.3219708173257905,-2.798945679919802
