dg,dg_limiter,order1,qbdrap
"[-0.8831394986485948, -0.8831394986485948]","[-0.8831394986485948, -0.8831394986485948]","[-0.8831394986485948, -0.8831394986485948]","[-0.8651923268144978, -0.8651923268144978]"
"[-0.7373721109531934, -0.7373721109531934]","[-0.7374739875829114, -0.7374739875829114]","[-0.7723925957332187, -0.7723925957332187]","[-0.8013544864795809, -0.8013544864795809]"
"[-0.7390391583394744, -0.7390391583394744]","[-0.7390182550353744, -0.7390182550353744]","[-0.7557977403682576, -0.7557977403682576]","[-0.7662694059765345, -0.7662694059765345]"
"[-0.7396911026368933, -0.7396911026368933]","[-0.7396702502881832, -0.7396702502881832]","[-0.7499212188978893, -0.7499212188978893]","[-0.7505161161475651, -0.7505161161475651]"
"[-0.7395788980922546, -0.7395788980922546]","[-0.7395723822228804, -0.7395723822228804]","[-0.7470512482223174, -0.7470512482223174]","[-0.7444064719727693, -0.7444064719727693]"
"[-0.7394831012976423, -0.7394831012976423]","[-0.7394719504841236, -0.7394719504841236]","[-0.7453838466018134, -0.7453838466018134]","[-0.7420608016120727, -0.7420608016120727]"
