dg,dg_limiter,order1,qbdrap
-0.5431175693084096,-0.5431175693084096,-0.5431175693084096,-0.4194701614543289
-1.2638379369464037,-1.1904077424764459,-1.0806949472643945,-0.7109927505685425
-1.2940598204701872,-1.230906765049502,-1.3028840236227681,-1.0623446861950807
-1.319471633673686,-1.203569981898645,-1.3818864100847132,-1.2155564987966818
-1.3196814755963469,-1.2031645945068674,-1.3611039068635091,-1.1968921924947482
-1.3179573213193143,-1.2052171731931536,-1.3483007497805015,-1.2160096814115013
