dg,dg_limiter,order1,qbdrap
-2.251732483242714,-2.251732483242714,-2.251732483242714,-1.9961232395863957
-3.5706370484713297,-3.330069003494292,-3.079264967151208,-2.6040392538697876
-3.739673350250169,-3.5394695345519187,-3.3889692102850204,-3.2578892492749505
-3.798417443393769,-3.4170690133390016,-3.5228370293366194,-3.520947636585629
-3.7990244931771113,-3.415269762446796,-3.600748615017616,-3.570506898416746
-3.795157595558957,-3.436871629130211,-3.6486789909527593,-3.6145191784213253
