DG,QBDRAP
Inf,-0.21193745378059559
-2.9637147033702127,-0.5017599984328003
-2.8272802107923933,-0.8365506646352481
-2.7417728991962838,-1.1027476135276848
-2.67991219176315,-1.3069357735215825
-2.6317844920969486,-1.4612812735579273
-2.5926719279264367,-1.5878911821832513
-2.559949737168036,-1.696579867248132
-2.532057825366847,-1.7902787850502229
-2.5079187143168484,-1.8729017044902612
-2.48683252949357,-1.946028300208927
