DG,QBDRAP
NaN,-0.6892016666864643
-3.929876337767627,-0.9897928834662384
-4.047349789966926,-1.3136869144837717
-4.122819106783176,-1.5495569726723333
-4.179141780560617,-1.7356162545607527
-4.224452051728788,-1.889753663692843
-4.262614818908624,-2.0213434326679214
-4.295835982676564,-2.1360917461167617
-4.325400812878725,-2.237771076361582
-4.352242192214405,-2.3290097527060323
-4.376941046841575,-2.411721242582868
