DG,QBDRAP
NaN,-0.5129674631737307
-3.3012472101526553,-0.8027901774304183
-3.3012472101531376,-1.1375809604528695
-3.301247210155067,-1.4037782481241374
-3.301247210151787,-1.6158117634427136
-3.301247210155067,-1.7864817789244676
-3.3012472101563217,-1.9269273573565138
-3.30124721015198,-2.0450429946646893
-3.3012472101530412,-2.146239953139951
-3.301247210151208,-2.2342639578760246
-3.301247210146577,-2.311810128363359
