DG,QBDRAP
Inf,-0.2980751961850614
-5.648298633111576,-0.8779861696339896
-5.205126599315665,-1.4684123759481156
-4.913702507570826,-1.8866114414747366
-4.6965238481227365,-2.20211013865322
-4.523594007268815,-2.4521355936577383
-4.380105231527678,-2.656784417675233
-4.257643721881287,-2.8281800221243114
-4.15096149735677,-2.97426918291057
-4.0565583264504275,-3.1005352366954986
-3.971977802222174,-3.2109359083234748
