DG,QBDRAP
Inf,-0.6001393010673881
-11.499051149692567,-0.8360952766421716
-11.034455754503549,-1.0785896411225877
-10.73795780796478,-1.339523149893452
-10.522067388992026,-1.579511087073736
-10.354198769480236,-1.7926170447675531
-10.218575989589443,-1.9806427919332479
-10.106338182501151,-2.1474683295570323
-10.011999150422431,-2.296774604203018
-9.93191591199326,-2.431578589988701
-9.863536035192787,-2.554276062085632
