DG,QBDRAP
Inf,-0.37137542051248357
-5.893900985726231,-0.4857794026549653
-5.737888951608696,-0.6180889272071822
-5.642588304349819,-0.7602610776657879
-5.579913158820165,-0.8932354092972423
-5.535094138964147,-1.0132992093653277
-5.502040066690061,-1.1209104332868762
-5.477635538756839,-1.217723968629795
-5.460119130927687,-1.305413225252899
-5.448337650856136,-1.3854008937986504
-5.441590675655796,-1.4588462772253852
