DG,QBDRAP
NaN,-0.8413401520737657
-6.058229073033526,-1.0468951692072779
-6.057040995011667,-1.1392480179896602
-6.059364363187743,-1.2851122475377668
-6.062173126307102,-1.4249182557378577
-6.065398338694213,-1.5518971514245308
-6.0690758002745095,-1.6656596119340323
-6.073260275086088,-1.7677483878664906
-6.077920117341915,-1.859922629989061
-6.08309247377932,-1.9437277110384898
-6.088759336390273,-2.020443523137843
