DG,QBDRAP
NaN,-0.8341277056497861
-1.3559108899314436,-0.8855103715004682
-1.8457538915533171,-0.9932321718780776
-2.285627497373635,-1.1456433892178415
-2.6879435826676774,-1.2975905583312124
-4.104900092889425,-1.435652218854841
-4.13743488073502,-1.5587729024542551
-4.1374346991711946,-1.6687482284189645
-4.137435256636199,-1.76762368706966
-4.137435820343384,-1.8567171623185925
-4.137436429177032,-1.9376699261445813
