DG,QBDRAP
Inf,-0.01717497297281229
-0.28274124040481885,-0.058158076492993926
-0.6173843276216691,-0.1493726547377925
-0.9635527703418131,-0.27660514011301995
-1.2771673201595042,-0.4030177373292188
-2.7564129299329423,-0.5206125065568119
-3.3228739253268413,-0.6282403877782674
-3.4013754954306097,-0.7255015107815477
-3.4035951571700207,-0.8124887369696975
-3.388499221779407,-0.8915364128830584
-3.377665696601004,-0.9638110231799832
