DG,QBDRAP
NaN,-0.5245547103843626
-1.0345081020339022,-0.6408397925154905
-1.544058459421605,-0.7379011398877316
-1.9854342145081345,-0.8545792235781016
-2.394164494490752,-0.974284488226115
-3.7357222647972983,-1.0868952661915126
-3.997458221281138,-1.1906598445677496
-4.001358353722298,-1.2860634405080438
-4.005120895236077,-1.373963183776708
-4.008582156973251,-1.4551890417548614
-4.012576203797825,-1.5304883768402096
