DG,QBDRAP
Inf,0.07104204226204774
-0.4534395374128533,-0.013685626719700238
-1.1347650395799203,-0.1842097970078188
-1.825486579600981,-0.41835870668595365
-2.41676582303546,-0.6502212073244157
-5.1880739046873146,-0.8673207950071125
-5.964559342384349,-1.0682889748104123
-5.9618316805393725,-1.2536606678698148
-5.8643763133216495,-1.4244566273034254
-5.7798607116029075,-1.5818244785294866
-5.706200391763801,-1.7269384215865269
