DG,QBDRAP
Inf,-0.2958812453714584
-0.32685942103564003,-0.2925356510264142
-0.7958742296675075,-0.2766489274335436
-2.017830103257495,-0.29816629756034374
-3.6802977125620964,-0.39497747817725665
-4.260857714059137,-0.540051700117405
-4.124135747627255,-0.7028217303405272
-4.00056147962542,-0.8666816394976894
-3.8943912236019234,-1.0240701715476208
-3.8017474271774496,-1.171855615001351
-3.71991472132047,-1.3089913107891546
