DG,QBDRAP
Inf,-0.1975682700977806
-0.21625020814586893,-0.19254133633437173
-0.44925963622736415,-0.1853019787694131
-1.0651808386400061,-0.19577927952392193
-1.9230085506235028,-0.24434754041673387
-2.427010478273781,-0.31776352833987526
-2.397398297531988,-0.4007346454845108
-2.3655902825660187,-0.48480706658166267
-2.3394994944853886,-0.5666567088739161
-2.317941123790741,-0.6449832693375821
-2.3001431687817817,-0.719227164879585
