DG,QBDRAP
NaN,-0.8618039517584838
-0.9853089952839114,-1.0292159332571962
-1.3958640857638775,-1.0065188358108799
-2.1149692518075476,-1.0242078467598088
-2.8787316220200774,-1.0781283537053963
-3.1449927223402243,-1.150519033352087
-3.154386810221389,-1.2299787786843974
-3.1557121070716496,-1.3108934248103812
-3.156500659827335,-1.3905672055641427
-3.1574319877020987,-1.4676445416660797
-3.158413529558853,-1.541395700386234
