DG,QBDRAP
NaN,-1.2444393896621824
-1.2978465761227764,-1.2883657684216614
-1.6838766126938063,-1.280622424504932
-2.419590329815409,-1.2925131247507786
-3.2499969397900563,-1.3415604788194047
-3.301266383345182,-1.415003864193237
-3.301267189123243,-1.4977656451986117
-3.301268123260603,-1.5816989708574447
-3.3012691802983665,-1.6629847279455807
-3.3012703541262995,-1.7400949212197248
-3.3012716380254585,-1.8126462637530627
