DG,QBDRAP
NaN,-0.677425405381186
-1.5975284017571998,-0.8260353635360665
-2.787112696806571,-0.9163420608269868
-4.229315442441357,-1.073102846611945
-5.858877764680117,-1.2305724472778425
-7.343040610955994,-1.3742001055026745
-7.508133197384422,-1.5021489518778397
-7.508133287490851,-1.6160077223709564
-7.50813325020543,-1.717957728641068
-7.508133259526785,-1.8099844523241784
-7.508133346526107,-1.8937160298991234
