DG,QBDRAP
Inf,-0.17326028754597164
-0.7682169471724901,-0.24071043998700262
-1.7978248032924997,-0.35704831503089335
-3.1219916065889413,-0.507517431957863
-4.663373184729055,-0.6560894399253775
-6.37505466529711,-0.7923504133983308
-7.4946117046882605,-0.915043528921137
-7.495365432502706,-1.0253635467630422
-7.4965858966709495,-1.1249675187385217
-7.489801677624697,-1.215413157916255
-7.491892758101903,-1.2980375512156417
