DG,QBDRAP
NaN,-0.9606408004738473
-1.8424182073050688,-1.0410777788982932
-3.0393574758065487,-1.1592693669446474
-4.48345415613523,-1.311383976818463
-6.11851123271329,-1.460521610453173
-7.728783014880577,-1.5967860704760115
-7.792249774996185,-1.7192360080748357
-7.792249896991286,-1.8291667706569061
-7.792249892837464,-1.928303252620839
-7.792249941245166,-2.0182591145541613
-7.792250072571025,-2.100411708409436
