DG,QBDRAP
Inf,-0.24568410454090217
-1.4198600446833343,-0.3917328254527325
-3.472349478631697,-0.6220691585137234
-6.117841204597169,-0.9242655217325557
-9.19909793438617,-1.2231020373865986
-12.623329996882717,-1.49656907785359
-14.817637603715973,-1.7422716460297685
-14.810917500215139,-1.9628259733129778
-14.79043058360587,-2.1617201935931694
-14.769976607990666,-2.3421932194049706
-14.749987725187244,-2.5070045100468987
