DG,QBDRAP
NaN,-0.673424182106754
-1.4312465166604516,-0.7610127617209685
-1.7937006980944077,-1.0364871574959906
-2.035820913034897,-1.2921373003999836
-2.2140786768892826,-1.4954269844993988
-2.361879886049943,-1.6632721321368498
-2.479754395479739,-1.805570301625861
-2.5869665480574864,-1.9284428152902535
-2.673547143645804,-2.0370341739207785
-2.757384787564272,-2.133807932865666
-2.8239582140352373,-2.2212870995608576
