DG,QBDRAP
NaN,-0.35319506323248584
-0.9043935218783943,-0.42189065563084016
-1.153937733652426,-0.6184156389524014
-1.3142445547892387,-0.7862882982851209
-1.429450214926559,-0.907548357799155
-1.523275624083121,-0.998823460900254
-1.5977790232309825,-1.0730123619879819
-1.664705493453071,-1.136235911143201
-1.7194931090833763,-1.19158570660492
-1.7718545624876407,-1.240754357661713
-1.8150233238693905,-1.2850164125429024
