DG,QBDRAP
NaN,-0.052174981446897084
-0.38012411337311075,-0.12086139768240853
-0.5515557762433255,-0.3173575662520987
-0.664046813354273,-0.48523499387774005
-0.7496271081320218,-0.5814413373660479
-0.8169355492687111,-0.6387187050948748
-0.8749551554459871,-0.6934748051658698
-0.9228795243553045,-0.747035648384808
-0.9668529599205586,-0.7981172811861974
-1.0041766602610134,-0.8448684187453228
-1.0388777734197352,-0.8872541747411242
