DG,QBDRAP
NaN,-0.10119489426293439
-0.6020564204622405,-0.23197939885653662
-0.8519189118970608,-0.5450285999560077
-1.0102472406516545,-0.7350845407213541
-1.1261713054878326,-0.8326131420037242
-1.2175929764236433,-0.9024324967219569
-1.2930424085402414,-0.9669177437650635
-1.3572365195173424,-1.026739727845189
-1.4130864186532184,-1.080889004270965
-1.4624601417049006,-1.1295147748572336
-1.5067269924606088,-1.1735246719946644
